Workbook

Sheet Resultados
A1: Humanos | B1: SVM | C1: GPT 4.0 | D1: Resposta | R1: Humanos (Porcentagem de erros)
A2: 0.20454545 | B2: 0 | C2: 0 | D2: IA | F2: Legenda | R2: =1-Resultados!A2 -> 0.79545455
A3: 0.22727273 | B3: 1 | C3: 1 | D3: IA | F3: 0 | G3: Resposta errada | R3: =1-Resultados!A3 -> 0.77272727
A4: 0.29545455 | B4: 1 | C4: 1 | D4: IA | F4: 1 | G4: Resposta Correta | R4: =1-Resultados!A4 -> 0.70454545
A5: 0.29545455 | B5: 1 | C5: 1 | D5: IA | R5: =1-Resultados!A5 -> 0.70454545
A6: 0.13636364 | B6: 1 | C6: 0 | D6: IA | M6: SVM | N6: Humanos | O6: GPT 4.0 | R6: =1-Resultados!A6 -> 0.86363636
A7: 0.40909091 | B7: 1 | C7: 0 | D7: IA | L7: Acuracia | M7: =(SUM(G14,H14)/(SUM(G14:J14))) -> 0.66666667 | N7: =SUM(G17+H17)/SUM(G17:J17) -> 0.42253788 | O7: =(SUM(G20:H20)/SUM(G20:J20)) -> 0.61666667 | R7: =1-Resultados!A7 -> 0.59090909
A8: 0.22727273 | B8: 1 | C8: 0 | D8: IA | L8: Precisão | M8: =G14/(SUM(G14:H14)) -> 0.625 | N8: =G17/SUM(G17:H17) -> 0.32496638 | O8: =G20/(SUM(G20:H20)) -> 0.27027027 | R8: =1-Resultados!A8 -> 0.77272727
A9: 0.29545455 | B9: 1 | C9: 0 | D9: IA | L9: Sensibilidade | M9: =G14/SUM(G14,I14) -> 0.83333333 | N9: =G17/SUM(G17,I17) -> 0.38999462 | O9: =G20/SUM(G20,I20) -> 0.76923077 | R9: =1-Resultados!A9 -> 0.70454545
A10: 0.34090909 | B10: 1 | C10: 0 | D10: IA | L10: Especificidade | M10: =H14/SUM(H14,J14) -> 0.5 | N10: =H17/SUM(H17,J17) -> 0.44022216 | O10: =H20/SUM(H20,J20) -> 0.57446809 | R10: =1-Resultados!A10 -> 0.65909091
A11: 0.13636364 | B11: 0 | C11: 0 | D11: IA | R11: =1-Resultados!A11 -> 0.86363636
A12: 0.36363636 | B12: 1 | C12: 0 | D12: IA | R12: =1-Resultados!A12 -> 0.63636364
A13: 0.36363636 | B13: 1 | C13: 1 | D13: IA | F13: SVM | G13: Verdadeiros positivos | H13: Verdadeiros Negativos | I13: Falsos Negativos | J13: Falsos Positivos | R13: =1-Resultados!A13 -> 0.63636364
A14: 0.38636364 | B14: 0 | C14: 1 | D14: Humanos | G14: 0.83333333 | H14: =5/10 -> 0.5 | I14: =2/12 -> 0.16666667 | J14: =5/10 -> 0.5 | R14: =1-Resultados!A14 -> 0.61363636
A15: 0.72727273 | B15: 0 | C15: 1 | D15: Humanos | R15: =1-Resultados!A15 -> 0.27272727
A16: 0.54545455 | B16: 0 | C16: 1 | D16: Humanos | F16: Humanos | G16: Verdadeiros positivos | H16: Verdadeiros Negativos | I16: Falsos Negativos | J16: Falsos Positivos | R16: =1-Resultados!A16 -> 0.45454545
A17: 0.88636364 | B17: 1 | C17: 1 | D17: Humanos | G17: =SUM(A2:A13)/12 -> 0.27462121 | H17: =SUM(A14:A23)/10 -> 0.57045455 | I17: =SUM(R14:R23)/10 -> 0.42954545 | J17: =SUM(R2:R13)/12 -> 0.72537879 | R17: =1-Resultados!A17 -> 0.11363636
A18: 0.45454545 | B18: 1 | C18: 1 | D18: Humanos | R18: =1-Resultados!A18 -> 0.54545455
A19: 0.45454545 | B19: 0 | C19: 1 | D19: Humanos | F19: GPT | G19: Verdadeiros positivos | H19: Verdadeiros Negativos | I19: Falsos Negativos | J19: Falsos Positivos | R19: =1-Resultados!A19 -> 0.54545455
A20: 0.70454545 | B20: 1 | C20: 1 | D20: Humanos | G20: =4/12 -> 0.33333333 | H20: =9/10 -> 0.9 | I20: =1/10 -> 0.1 | J20: =8/12 -> 0.66666667 | R20: =1-Resultados!A20 -> 0.29545455
A21: 0.77272727 | B21: 0 | C21: 1 | D21: Humanos | R21: =1-Resultados!A21 -> 0.22727273
A22: 0.5 | B22: 1 | C22: 1 | D22: Humanos | R22: =1-Resultados!A22 -> 0.5
A23: =12/44 -> 0.27272727 | B23: 1 | C23: 0 | D23: Humanos | R23: =1-Resultados!A23 -> 0.72727273
A24: Total de Humanos
A25: 44
